rodada,decisoes,retorno_medio_100_episodios
rodada1,12288,-8154.7
rodada1,16384,-8154.7
rodada1,20480,-7485.4
rodada1,24576,-7485.4
rodada1,28672,-7485.4
rodada1,32768,-8443.3
rodada1,36864,-8443.3
rodada1,40960,-8246.7
rodada1,45056,-8246.7
rodada1,49152,-7941.2
rodada1,53248,-7941.2
rodada1,57344,-7941.2
rodada1,61440,-7531.5
rodada1,65536,-7531.5
rodada1,69632,-7317.9
rodada1,73728,-7317.9
rodada1,77824,-7456.5
rodada1,81920,-7456.5
rodada1,86016,-7456.5
rodada1,90112,-7473.9
rodada1,94208,-7473.9
rodada1,98304,-7289.1
rodada1,102400,-7289.1
rodada1,106496,-7780.3
rodada1,110592,-7780.3
rodada1,114688,-7780.3
rodada1,118784,-7798.6
rodada1,122880,-7798.6
rodada1,126976,-7854.2
rodada1,131072,-7854.2
rodada1,135168,-7758.7
rodada1,139264,-7758.7
rodada1,143360,-7758.7
rodada1,147456,-7331.7
rodada1,151552,-7331.7
rodada1,155648,-7110.8
rodada1,159744,-7110.8
rodada1,163840,-6533.6
rodada1,167936,-6533.6
rodada1,172032,-6533.6
rodada1,176128,-6567.2
rodada1,180224,-6567.2
rodada1,184320,-6566.5
rodada1,188416,-6566.5
rodada1,192512,-6385.0
rodada1,196608,-6385.0
rodada1,200704,-6385.0
rodada1,204800,-6238.5
rodada1,208896,-6238.5
rodada1,212992,-6173.6
rodada1,217088,-6173.6
rodada1,221184,-6593.6
rodada1,225280,-6593.6
rodada1,229376,-6593.6
rodada1,233472,-7091.1
rodada1,237568,-7091.1
rodada1,241664,-7056.2
rodada1,245760,-7056.2
rodada1,249856,-6796.7
rodada1,253952,-6796.7
rodada1,258048,-6796.7
rodada1,262144,-7376.4
rodada1,266240,-7376.4
rodada1,270336,-7636.1
rodada1,274432,-7636.1
rodada1,278528,-7371.0
rodada1,282624,-7371.0
rodada1,286720,-7371.0
rodada1,290816,-7472.4
rodada1,294912,-7472.4
rodada1,299008,-7545.5
rodada1,303104,-7545.5
rodada1,307200,-7273.6
rodada1,311296,-7273.6
rodada1,315392,-7273.6
rodada1,319488,-7122.8
rodada1,323584,-7122.8
rodada1,327680,-7256.9
rodada1,331776,-7256.9
rodada1,335872,-7256.9
rodada1,339968,-7385.6
rodada1,344064,-7385.6
rodada1,348160,-7006.8
rodada1,352256,-7006.8
rodada1,356352,-7387.3
rodada1,360448,-7387.3
rodada1,364544,-7387.3
rodada1,368640,-6998.1
rodada1,372736,-6998.1
rodada1,376832,-7495.7
rodada1,380928,-7495.7
rodada1,385024,-7313.0
rodada1,389120,-7313.0
rodada1,393216,-7313.0
rodada1,397312,-6942.4
rodada1,401408,-6942.4
rodada1,405504,-7209.6
rodada1,409600,-7209.6
rodada1,413696,-7224.2
rodada1,417792,-7224.2
rodada1,421888,-7224.2
rodada1,425984,-7396.5
rodada1,430080,-7396.5
rodada1,434176,-6809.4
rodada1,438272,-6809.4
rodada1,442368,-6973.2
rodada1,446464,-6973.2
rodada1,450560,-6973.2
rodada1,454656,-7159.6
rodada1,458752,-7159.6
rodada1,462848,-7168.2
rodada1,466944,-7168.2
rodada1,471040,-6749.3
rodada1,475136,-6749.3
rodada1,479232,-6749.3
rodada1,483328,-6750.4
rodada1,487424,-6750.4
rodada1,491520,-6833.2
rodada1,495616,-6833.2
rodada1,499712,-6839.5
rodada1,503808,-6839.5
rodada1,507904,-6839.5
rodada1,512000,-6994.3
rodada1,516096,-6994.3
rodada1,520192,-6347.8
rodada1,524288,-6347.8
rodada1,528384,-6833.0
rodada1,532480,-6833.0
rodada1,536576,-6833.0
rodada1,540672,-6908.4
rodada1,544768,-6908.4
rodada1,548864,-6442.9
rodada1,552960,-6442.9
rodada1,557056,-6827.5
rodada1,561152,-6827.5
rodada1,565248,-6827.5
rodada1,569344,-7200.5
rodada1,573440,-7200.5
rodada1,577536,-7090.0
rodada1,581632,-7090.0
rodada1,585728,-6891.4
rodada1,589824,-6891.4
rodada1,593920,-6891.4
rodada1,598016,-6857.6
rodada1,602112,-6857.6
rodada1,606208,-6996.7
rodada1,610304,-6996.7
rodada1,614400,-7073.6
rodada1,618496,-7073.6
rodada1,622592,-7073.6
rodada1,626688,-6554.6
rodada1,630784,-6554.6
rodada1,634880,-6715.8
rodada1,638976,-6715.8
rodada1,643072,-6715.8
rodada1,647168,-6818.4
rodada1,651264,-6818.4
rodada1,655360,-6876.0
rodada1,659456,-6876.0
rodada1,663552,-6942.8
rodada1,667648,-6942.8
rodada1,671744,-6942.8
rodada1,675840,-6907.7
rodada1,679936,-6907.7
rodada1,684032,-6835.5
rodada1,688128,-6835.5
rodada1,692224,-6595.6
rodada1,696320,-6595.6
rodada1,700416,-6595.6
rodada1,704512,-6413.6
rodada1,708608,-6413.6
rodada1,712704,-6438.7
rodada1,716800,-6438.7
rodada1,720896,-6508.0
rodada1,724992,-6508.0
rodada1,729088,-6508.0
rodada1,733184,-6168.9
rodada1,737280,-6168.9
rodada1,741376,-6364.1
rodada1,745472,-6364.1
rodada1,749568,-6372.0
rodada1,753664,-6372.0
rodada1,757760,-6372.0
rodada1,761856,-6227.1
rodada1,765952,-6227.1
rodada1,770048,-5902.4
rodada1,774144,-5902.4
rodada1,778240,-5941.7
rodada1,782336,-5941.7
rodada1,786432,-5941.7
rodada1,790528,-5607.3
rodada1,794624,-5607.3
rodada1,798720,-6145.7
rodada1,802816,-6145.7
rodada1,806912,-5576.8
rodada1,811008,-5576.8
rodada1,815104,-5576.8
rodada1,819200,-5619.0
rodada1,823296,-5619.0
rodada1,827392,-5754.9
rodada1,831488,-5754.9
rodada1,835584,-5575.7
rodada1,839680,-5575.7
rodada1,843776,-5575.7
rodada1,847872,-5647.2
rodada1,851968,-5647.2
rodada1,856064,-5668.5
rodada1,860160,-5668.5
rodada1,864256,-5609.3
rodada1,868352,-5609.3
rodada1,872448,-5609.3
rodada1,876544,-5556.8
rodada1,880640,-5556.8
rodada1,884736,-6050.0
rodada1,888832,-6050.0
rodada1,892928,-6184.2
rodada1,897024,-6184.2
rodada1,901120,-6184.2
rodada1,905216,-6847.2
rodada1,909312,-6847.2
rodada1,913408,-6380.1
rodada1,917504,-6380.1
rodada1,921600,-6517.5
rodada1,925696,-6517.5
rodada1,929792,-6517.5
rodada1,933888,-6625.8
rodada1,937984,-6625.8
rodada1,942080,-6557.2
rodada1,946176,-6557.2
rodada1,950272,-6557.2
rodada1,954368,-6339.3
rodada1,958464,-6339.3
rodada1,962560,-6267.9
rodada1,966656,-6267.9
rodada1,970752,-5882.4
rodada1,974848,-5882.4
rodada1,978944,-5882.4
rodada1,983040,-5809.8
rodada1,987136,-5809.8
rodada1,991232,-5837.7
rodada1,995328,-5837.7
rodada1,999424,-5804.1
rodada1,1003520,-5804.1
rodada1,1007616,-5804.1
rodada1,1011712,-5608.6
rodada1,1015808,-5608.6
rodada1,1019904,-5145.1
rodada1,1024000,-5145.1
rodada1,1028096,-5433.9
rodada1,1032192,-5433.9
rodada1,1036288,-5433.9
rodada1,1040384,-5445.3
rodada1,1044480,-5445.3
rodada1,1048576,-5473.1
rodada1,1052672,-5473.1
rodada1,1056768,-5479.4
rodada1,1060864,-5479.4
rodada1,1064960,-5479.4
rodada1,1069056,-5513.4
rodada1,1073152,-5513.4
rodada1,1077248,-5744.7
rodada1,1081344,-5744.7
rodada1,1085440,-6104.7
rodada1,1089536,-6104.7
rodada1,1093632,-6104.7
rodada1,1097728,-6458.9
rodada1,1101824,-6458.9
rodada1,1105920,-6569.6
rodada1,1110016,-6569.6
rodada1,1114112,-6247.6
rodada1,1118208,-6247.6
rodada1,1122304,-6247.6
rodada1,1126400,-6489.1
rodada1,1130496,-6489.1
rodada1,1134592,-6641.0
rodada1,1138688,-6641.0
rodada1,1142784,-6590.9
rodada1,1146880,-6590.9
rodada1,1150976,-6590.9
rodada1,1155072,-6225.6
rodada1,1159168,-6225.6
rodada1,1163264,-6170.6
rodada1,1167360,-6170.6
rodada1,1171456,-6048.9
rodada1,1175552,-6048.9
rodada1,1179648,-6048.9
rodada1,1183744,-5912.7
rodada1,1187840,-5912.7
rodada1,1191936,-5737.2
rodada1,1196032,-5737.2
rodada1,1200128,-5740.0
rodada1,1204224,-5740.0
rodada1,1208320,-5740.0
rodada1,1212416,-5734.1
rodada1,1216512,-5734.1
rodada1,1220608,-5708.3
rodada1,1224704,-5708.3
rodada1,1228800,-5739.6
rodada1,1232896,-5739.6
rodada1,1236992,-5739.6
rodada1,1241088,-5636.7
rodada1,1245184,-5636.7
rodada1,1249280,-5639.7
rodada1,1253376,-5639.7
rodada1,1257472,-5639.7
rodada1,1261568,-5458.4
rodada1,1265664,-5458.4
rodada1,1269760,-5471.4
rodada1,1273856,-5471.4
rodada1,1277952,-4998.4
rodada1,1282048,-4998.4
rodada1,1286144,-4998.4
rodada1,1290240,-4949.3
rodada1,1294336,-4949.3
rodada1,1298432,-5059.5
rodada1,1302528,-5059.5
rodada1,1306624,-4850.9
rodada1,1310720,-4850.9
rodada1,1314816,-4850.9
rodada1,1318912,-4848.1
rodada1,1323008,-4848.1
rodada1,1327104,-5491.1
rodada1,1331200,-5491.1
rodada1,1335296,-5671.5
rodada1,1339392,-5671.5
rodada1,1343488,-5671.5
rodada1,1347584,-5507.0
rodada1,1351680,-5507.0
rodada1,1355776,-5706.9
rodada1,1359872,-5706.9
rodada1,1363968,-5826.6
rodada1,1368064,-5826.6
rodada1,1372160,-5826.6
rodada1,1376256,-5803.0
rodada1,1380352,-5803.0
rodada1,1384448,-5482.8
rodada1,1388544,-5482.8
rodada1,1392640,-5264.2
rodada1,1396736,-5264.2
rodada1,1400832,-5264.2
rodada1,1404928,-5477.9
rodada1,1409024,-5477.9
rodada1,1413120,-5748.4
rodada1,1417216,-5748.4
rodada1,1421312,-5758.1
rodada1,1425408,-5758.1
rodada1,1429504,-5758.1
rodada1,1433600,-5734.0
rodada1,1437696,-5734.0
rodada1,1441792,-5804.0
rodada1,1445888,-5804.0
rodada1,1449984,-5793.1
rodada1,1454080,-5793.1
rodada1,1458176,-5793.1
rodada1,1462272,-5905.2
rodada1,1466368,-5905.2
rodada1,1470464,-6007.3
rodada1,1474560,-6007.3
rodada1,1478656,-6129.5
rodada1,1482752,-6129.5
rodada1,1486848,-6129.5
rodada1,1490944,-5991.0
rodada1,1495040,-5991.0
rodada1,1499136,-6127.5
rodada1,1503232,-6127.5
rodada1,1507328,-6157.7
rodada1,1511424,-6157.7
rodada1,1515520,-6157.7
rodada1,1519616,-5839.3
rodada1,1523712,-5839.3
rodada1,1527808,-5725.4
rodada1,1531904,-5725.4
rodada1,1536000,-5724.9
rodada1,1540096,-5724.9
rodada1,1544192,-5724.9
rodada1,1548288,-5819.0
rodada1,1552384,-5819.0
rodada1,1556480,-6025.7
rodada1,1560576,-6025.7
rodada1,1564672,-6025.7
rodada1,1568768,-5818.1
rodada1,1572864,-5818.1
rodada1,1576960,-6042.8
rodada1,1581056,-6042.8
rodada1,1585152,-6033.2
rodada1,1589248,-6033.2
rodada1,1593344,-6033.2
rodada1,1597440,-5808.2
rodada1,1601536,-5808.2
rodada1,1605632,-5970.9
rodada1,1609728,-5970.9
rodada1,1613824,-6235.7
rodada1,1617920,-6235.7
rodada1,1622016,-6235.7
rodada1,1626112,-6122.5
rodada1,1630208,-6122.5
rodada1,1634304,-6251.9
rodada1,1638400,-6251.9
rodada1,1642496,-6499.6
rodada1,1646592,-6499.6
rodada1,1650688,-6499.6
rodada1,1654784,-6595.8
rodada1,1658880,-6595.8
rodada1,1662976,-6367.9
rodada1,1667072,-6367.9
rodada1,1671168,-6111.2
rodada1,1675264,-6111.2
rodada1,1679360,-6111.2
rodada1,1683456,-5753.4
rodada1,1687552,-5753.4
rodada1,1691648,-5725.9
rodada1,1695744,-5725.9
rodada1,1699840,-5357.1
rodada1,1703936,-5357.1
rodada1,1708032,-5357.1
rodada1,1712128,-5321.5
rodada1,1716224,-5321.5
rodada1,1720320,-5392.1
rodada1,1724416,-5392.1
rodada1,1728512,-5480.9
rodada1,1732608,-5480.9
rodada1,1736704,-5480.9
rodada1,1740800,-5676.5
rodada1,1744896,-5676.5
rodada1,1748992,-5753.7
rodada1,1753088,-5753.7
rodada1,1757184,-5972.8
rodada1,1761280,-5972.8
rodada1,1765376,-5972.8
rodada1,1769472,-6167.7
rodada1,1773568,-6167.7
rodada1,1777664,-6029.7
rodada1,1781760,-6029.7
rodada1,1785856,-6157.9
rodada1,1789952,-6157.9
rodada1,1794048,-6157.9
rodada1,1798144,-5878.7
rodada1,1802240,-5878.7
rodada1,1806336,-5731.7
rodada1,1810432,-5731.7
rodada1,1814528,-5824.4
rodada1,1818624,-5824.4
rodada1,1822720,-5824.4
rodada1,1826816,-5716.0
rodada1,1830912,-5716.0
rodada1,1835008,-5906.3
rodada1,1839104,-5906.3
rodada1,1843200,-6197.9
rodada1,1847296,-6197.9
rodada1,1851392,-6197.9
rodada1,1855488,-6313.5
rodada1,1859584,-6313.5
rodada1,1863680,-6637.9
rodada1,1867776,-6637.9
rodada1,1871872,-6637.9
rodada1,1875968,-6482.0
rodada1,1880064,-6482.0
rodada1,1884160,-6355.1
rodada1,1888256,-6355.1
rodada1,1892352,-6245.6
rodada1,1896448,-6245.6
rodada1,1900544,-6245.6
rodada1,1904640,-5737.6
rodada1,1908736,-5737.6
rodada1,1912832,-5611.2
rodada1,1916928,-5611.2
rodada1,1921024,-5639.5
rodada1,1925120,-5639.5
rodada1,1929216,-5639.5
rodada1,1933312,-5806.2
rodada1,1937408,-5806.2
rodada1,1941504,-5574.4
rodada1,1945600,-5574.4
rodada1,1949696,-5504.4
rodada1,1953792,-5504.4
rodada1,1957888,-5504.4
rodada1,1961984,-5707.0
rodada1,1966080,-5707.0
rodada1,1970176,-5832.6
rodada1,1974272,-5832.6
rodada1,1978368,-6028.6
rodada1,1982464,-6028.6
rodada1,1986560,-6028.6
rodada1,1990656,-5913.6
rodada1,1994752,-5913.6
rodada1,1998848,-6081.0
rodada1,2002944,-6081.0
rodada2,12288,-2214.7
rodada2,16384,-2214.7
rodada2,20480,-3030.0
rodada2,24576,-3030.0
rodada2,28672,-3030.0
rodada2,32768,-3044.7
rodada2,36864,-3044.7
rodada2,40960,-2774.6
rodada2,45056,-2774.6
rodada2,49152,-2821.8
rodada2,53248,-2821.8
rodada2,57344,-2821.8
rodada2,61440,-2736.2
rodada2,65536,-2736.2
rodada2,69632,-2637.8
rodada2,73728,-2637.8
rodada2,77824,-2699.3
rodada2,81920,-2699.3
rodada2,86016,-2699.3
rodada2,90112,-2565.4
rodada2,94208,-2565.4
rodada2,98304,-2539.5
rodada2,102400,-2539.5
rodada2,106496,-2563.2
rodada2,110592,-2563.2
rodada2,114688,-2563.2
rodada2,118784,-2557.8
rodada2,122880,-2557.8
rodada2,126976,-2728.8
rodada2,131072,-2728.8
rodada2,135168,-2543.4
rodada2,139264,-2543.4
rodada2,143360,-2543.4
rodada2,147456,-2369.9
rodada2,151552,-2369.9
rodada2,155648,-2448.4
rodada2,159744,-2448.4
rodada2,163840,-2201.1
rodada2,167936,-2201.1
rodada2,172032,-2201.1
rodada2,176128,-2213.2
rodada2,180224,-2213.2
rodada2,184320,-2037.8
rodada2,188416,-2037.8
rodada2,192512,-2122.2
rodada2,196608,-2122.2
rodada2,200704,-2122.2
rodada2,204800,-2167.0
rodada2,208896,-2167.0
rodada2,212992,-2196.0
rodada2,217088,-2196.0
rodada2,221184,-2420.8
rodada2,225280,-2420.8
rodada2,229376,-2420.8
rodada2,233472,-2441.0
rodada2,237568,-2441.0
rodada2,241664,-2547.2
rodada2,245760,-2547.2
rodada2,249856,-2531.4
rodada2,253952,-2531.4
rodada2,258048,-2531.4
rodada2,262144,-2322.9
rodada2,266240,-2322.9
rodada2,270336,-2347.2
rodada2,274432,-2347.2
rodada2,278528,-2372.1
rodada2,282624,-2372.1
rodada2,286720,-2372.1
rodada2,290816,-2275.9
rodada2,294912,-2275.9
rodada2,299008,-2416.2
rodada2,303104,-2416.2
rodada2,307200,-2303.1
rodada2,311296,-2303.1
rodada2,315392,-2303.1
rodada2,319488,-2335.2
rodada2,323584,-2335.2
rodada2,327680,-2408.9
rodada2,331776,-2408.9
rodada2,335872,-2408.9
rodada2,339968,-2434.3
rodada2,344064,-2434.3
rodada2,348160,-2409.1
rodada2,352256,-2409.1
rodada2,356352,-2281.9
rodada2,360448,-2281.9
rodada2,364544,-2281.9
rodada2,368640,-2276.3
rodada2,372736,-2276.3
rodada2,376832,-2640.5
rodada2,380928,-2640.5
rodada2,385024,-2610.1
rodada2,389120,-2610.1
rodada2,393216,-2610.1
rodada2,397312,-2728.1
rodada2,401408,-2728.1
rodada2,405504,-2715.8
rodada2,409600,-2715.8
rodada2,413696,-2790.6
rodada2,417792,-2790.6
rodada2,421888,-2790.6
rodada2,425984,-2664.3
rodada2,430080,-2664.3
rodada2,434176,-2319.1
rodada2,438272,-2319.1
rodada2,442368,-2269.6
rodada2,446464,-2269.6
rodada2,450560,-2269.6
rodada2,454656,-2185.7
rodada2,458752,-2185.7
rodada2,462848,-2199.4
rodada2,466944,-2199.4
rodada2,471040,-1947.0
rodada2,475136,-1947.0
rodada2,479232,-1947.0
rodada2,483328,-2092.9
rodada2,487424,-2092.9
rodada2,491520,-2226.2
rodada2,495616,-2226.2
rodada2,499712,-2390.8
rodada2,503808,-2390.8
rodada2,507904,-2390.8
rodada2,512000,-2291.8
rodada2,516096,-2291.8
rodada2,520192,-2346.8
rodada2,524288,-2346.8
rodada2,528384,-2515.9
rodada2,532480,-2515.9
rodada2,536576,-2515.9
rodada2,540672,-2526.2
rodada2,544768,-2526.2
rodada2,548864,-2494.2
rodada2,552960,-2494.2
rodada2,557056,-2334.1
rodada2,561152,-2334.1
rodada2,565248,-2334.1
rodada2,569344,-2275.5
rodada2,573440,-2275.5
rodada2,577536,-2399.0
rodada2,581632,-2399.0
rodada2,585728,-2259.0
rodada2,589824,-2259.0
rodada2,593920,-2259.0
rodada2,598016,-2341.3
rodada2,602112,-2341.3
rodada2,606208,-2352.8
rodada2,610304,-2352.8
rodada2,614400,-2521.1
rodada2,618496,-2521.1
rodada2,622592,-2521.1
rodada2,626688,-2675.1
rodada2,630784,-2675.1
rodada2,634880,-2781.4
rodada2,638976,-2781.4
rodada2,643072,-2781.4
rodada2,647168,-2708.4
rodada2,651264,-2708.4
rodada2,655360,-2776.8
rodada2,659456,-2776.8
rodada2,663552,-2614.1
rodada2,667648,-2614.1
rodada2,671744,-2614.1
rodada2,675840,-2449.4
rodada2,679936,-2449.4
rodada2,684032,-2476.3
rodada2,688128,-2476.3
rodada2,692224,-2272.7
rodada2,696320,-2272.7
rodada2,700416,-2272.7
rodada2,704512,-2586.7
rodada2,708608,-2586.7
rodada2,712704,-2422.8
rodada2,716800,-2422.8
rodada2,720896,-2692.7
rodada2,724992,-2692.7
rodada2,729088,-2692.7
rodada2,733184,-2653.8
rodada2,737280,-2653.8
rodada2,741376,-2635.3
rodada2,745472,-2635.3
rodada2,749568,-2548.7
rodada2,753664,-2548.7
rodada2,757760,-2548.7
rodada2,761856,-2643.1
rodada2,765952,-2643.1
rodada2,770048,-2580.4
rodada2,774144,-2580.4
rodada2,778240,-2642.7
rodada2,782336,-2642.7
rodada2,786432,-2642.7
rodada2,790528,-2609.8
rodada2,794624,-2609.8
rodada2,798720,-2732.0
rodada2,802816,-2732.0
rodada2,806912,-2871.9
rodada2,811008,-2871.9
rodada2,815104,-2871.9
rodada2,819200,-2936.6
rodada2,823296,-2936.6
rodada2,827392,-2838.9
rodada2,831488,-2838.9
rodada2,835584,-2934.7
rodada2,839680,-2934.7
rodada2,843776,-2934.7
rodada2,847872,-2751.9
rodada2,851968,-2751.9
rodada2,856064,-2804.9
rodada2,860160,-2804.9
rodada2,864256,-2816.7
rodada2,868352,-2816.7
rodada2,872448,-2816.7
rodada2,876544,-2718.1
rodada2,880640,-2718.1
rodada2,884736,-2678.6
rodada2,888832,-2678.6
rodada2,892928,-2659.2
rodada2,897024,-2659.2
rodada2,901120,-2659.2
rodada2,905216,-2654.5
rodada2,909312,-2654.5
rodada2,913408,-2421.5
rodada2,917504,-2421.5
rodada2,921600,-2233.9
rodada2,925696,-2233.9
rodada2,929792,-2233.9
rodada2,933888,-2270.7
rodada2,937984,-2270.7
rodada2,942080,-2100.9
rodada2,946176,-2100.9
rodada2,950272,-2100.9
rodada2,954368,-2097.9
rodada2,958464,-2097.9
rodada2,962560,-1945.5
rodada2,966656,-1945.5
rodada2,970752,-2106.7
rodada2,974848,-2106.7
rodada2,978944,-2106.7
rodada2,983040,-2239.6
rodada2,987136,-2239.6
rodada2,991232,-2433.5
rodada2,995328,-2433.5
rodada2,999424,-2548.9
rodada2,1003520,-2548.9
rodada2,1007616,-2548.9
rodada2,1011712,-2541.0
rodada2,1015808,-2541.0
rodada2,1019904,-2819.0
rodada2,1024000,-2819.0
rodada2,1028096,-2654.8
rodada2,1032192,-2654.8
rodada2,1036288,-2654.8
rodada2,1040384,-2662.0
rodada2,1044480,-2662.0
rodada2,1048576,-2634.0
rodada2,1052672,-2634.0
rodada2,1056768,-2455.1
rodada2,1060864,-2455.1
rodada2,1064960,-2455.1
rodada2,1069056,-2527.0
rodada2,1073152,-2527.0
rodada2,1077248,-2502.1
rodada2,1081344,-2502.1
rodada2,1085440,-2625.3
rodada2,1089536,-2625.3
rodada2,1093632,-2625.3
rodada2,1097728,-2755.5
rodada2,1101824,-2755.5
rodada2,1105920,-2662.8
rodada2,1110016,-2662.8
rodada2,1114112,-2586.4
rodada2,1118208,-2586.4
rodada2,1122304,-2586.4
rodada2,1126400,-2631.5
rodada2,1130496,-2631.5
rodada2,1134592,-2449.6
rodada2,1138688,-2449.6
rodada2,1142784,-2339.7
rodada2,1146880,-2339.7
rodada2,1150976,-2339.7
rodada2,1155072,-2141.7
rodada2,1159168,-2141.7
rodada2,1163264,-2122.6
rodada2,1167360,-2122.6
rodada2,1171456,-2108.4
rodada2,1175552,-2108.4
rodada2,1179648,-2108.4
rodada2,1183744,-2158.2
rodada2,1187840,-2158.2
rodada2,1191936,-2303.4
rodada2,1196032,-2303.4
rodada2,1200128,-2486.9
rodada2,1204224,-2486.9
rodada2,1208320,-2486.9
rodada2,1212416,-2501.8
rodada2,1216512,-2501.8
rodada2,1220608,-2767.7
rodada2,1224704,-2767.7
rodada2,1228800,-2884.2
rodada2,1232896,-2884.2
rodada2,1236992,-2884.2
rodada2,1241088,-2841.0
rodada2,1245184,-2841.0
rodada2,1249280,-2795.6
rodada2,1253376,-2795.6
rodada2,1257472,-2795.6
rodada2,1261568,-2783.6
rodada2,1265664,-2783.6
rodada2,1269760,-2685.4
rodada2,1273856,-2685.4
rodada2,1277952,-2818.9
rodada2,1282048,-2818.9
rodada2,1286144,-2818.9
rodada2,1290240,-2776.9
rodada2,1294336,-2776.9
rodada2,1298432,-2603.4
rodada2,1302528,-2603.4
rodada2,1306624,-2518.0
rodada2,1310720,-2518.0
rodada2,1314816,-2518.0
rodada2,1318912,-2457.9
rodada2,1323008,-2457.9
rodada2,1327104,-2277.2
rodada2,1331200,-2277.2
rodada2,1335296,-2181.5
rodada2,1339392,-2181.5
rodada2,1343488,-2181.5
rodada2,1347584,-2157.7
rodada2,1351680,-2157.7
rodada2,1355776,-2252.9
rodada2,1359872,-2252.9
rodada2,1363968,-2157.8
rodada2,1368064,-2157.8
rodada2,1372160,-2157.8
rodada2,1376256,-2300.1
rodada2,1380352,-2300.1
rodada2,1384448,-2773.2
rodada2,1388544,-2773.2
rodada2,1392640,-2740.8
rodada2,1396736,-2740.8
rodada2,1400832,-2740.8
rodada2,1404928,-2625.7
rodada2,1409024,-2625.7
rodada2,1413120,-2629.7
rodada2,1417216,-2629.7
rodada2,1421312,-2866.7
rodada2,1425408,-2866.7
rodada2,1429504,-2866.7
rodada2,1433600,-2821.4
rodada2,1437696,-2821.4
rodada2,1441792,-2519.0
rodada2,1445888,-2519.0
rodada2,1449984,-2440.6
rodada2,1454080,-2440.6
rodada2,1458176,-2440.6
rodada2,1462272,-2573.3
rodada2,1466368,-2573.3
rodada2,1470464,-2563.8
rodada2,1474560,-2563.8
rodada2,1478656,-2408.4
rodada2,1482752,-2408.4
rodada2,1486848,-2408.4
rodada2,1490944,-2325.5
rodada2,1495040,-2325.5
rodada2,1499136,-2302.6
rodada2,1503232,-2302.6
rodada2,1507328,-2331.6
rodada2,1511424,-2331.6
rodada2,1515520,-2331.6
rodada2,1519616,-2327.3
rodada2,1523712,-2327.3
rodada2,1527808,-2322.7
rodada2,1531904,-2322.7
rodada2,1536000,-2453.2
rodada2,1540096,-2453.2
rodada2,1544192,-2453.2
rodada2,1548288,-2474.2
rodada2,1552384,-2474.2
rodada2,1556480,-2313.6
rodada2,1560576,-2313.6
rodada2,1564672,-2313.6
rodada2,1568768,-2271.1
rodada2,1572864,-2271.1
rodada2,1576960,-2371.0
rodada2,1581056,-2371.0
rodada2,1585152,-2497.5
rodada2,1589248,-2497.5
rodada2,1593344,-2497.5
rodada2,1597440,-2614.8
rodada2,1601536,-2614.8
rodada2,1605632,-2564.0
rodada2,1609728,-2564.0
rodada2,1613824,-2750.9
rodada2,1617920,-2750.9
rodada2,1622016,-2750.9
rodada2,1626112,-2711.3
rodada2,1630208,-2711.3
rodada2,1634304,-2795.8
rodada2,1638400,-2795.8
rodada2,1642496,-2723.2
rodada2,1646592,-2723.2
rodada2,1650688,-2723.2
rodada2,1654784,-2523.8
rodada2,1658880,-2523.8
rodada2,1662976,-2598.2
rodada2,1667072,-2598.2
rodada2,1671168,-2622.9
rodada2,1675264,-2622.9
rodada2,1679360,-2622.9
rodada2,1683456,-2834.8
rodada2,1687552,-2834.8
rodada2,1691648,-2633.3
rodada2,1695744,-2633.3
rodada2,1699840,-2858.7
rodada2,1703936,-2858.7
rodada2,1708032,-2858.7
rodada2,1712128,-2943.1
rodada2,1716224,-2943.1
rodada2,1720320,-2934.4
rodada2,1724416,-2934.4
rodada2,1728512,-2786.5
rodada2,1732608,-2786.5
rodada2,1736704,-2786.5
rodada2,1740800,-2750.1
rodada2,1744896,-2750.1
rodada2,1748992,-2756.8
rodada2,1753088,-2756.8
rodada2,1757184,-2456.1
rodada2,1761280,-2456.1
rodada2,1765376,-2456.1
rodada2,1769472,-2519.1
rodada2,1773568,-2519.1
rodada2,1777664,-2474.1
rodada2,1781760,-2474.1
rodada2,1785856,-2372.4
rodada2,1789952,-2372.4
rodada2,1794048,-2372.4
rodada2,1798144,-2375.6
rodada2,1802240,-2375.6
rodada2,1806336,-2265.7
rodada2,1810432,-2265.7
rodada2,1814528,-2321.7
rodada2,1818624,-2321.7
rodada2,1822720,-2321.7
rodada2,1826816,-2128.4
rodada2,1830912,-2128.4
rodada2,1835008,-2191.2
rodada2,1839104,-2191.2
rodada2,1843200,-2351.5
rodada2,1847296,-2351.5
rodada2,1851392,-2351.5
rodada2,1855488,-2348.8
rodada2,1859584,-2348.8
rodada2,1863680,-2479.9
rodada2,1867776,-2479.9
rodada2,1871872,-2479.9
rodada2,1875968,-2550.0
rodada2,1880064,-2550.0
rodada2,1884160,-2531.3
rodada2,1888256,-2531.3
rodada2,1892352,-2673.0
rodada2,1896448,-2673.0
rodada2,1900544,-2673.0
rodada2,1904640,-2816.0
rodada2,1908736,-2816.0
rodada2,1912832,-2750.9
rodada2,1916928,-2750.9
rodada2,1921024,-2686.5
rodada2,1925120,-2686.5
rodada2,1929216,-2686.5
rodada2,1933312,-2631.8
rodada2,1937408,-2631.8
rodada2,1941504,-2765.5
rodada2,1945600,-2765.5
rodada2,1949696,-2691.6
rodada2,1953792,-2691.6
rodada2,1957888,-2691.6
rodada2,1961984,-2564.1
rodada2,1966080,-2564.1
rodada2,1970176,-2417.7
rodada2,1974272,-2417.7
rodada2,1978368,-2725.4
rodada2,1982464,-2725.4
rodada2,1986560,-2725.4
rodada2,1990656,-2857.6
rodada2,1994752,-2857.6
rodada2,1998848,-2661.7
rodada2,2002944,-2661.7
estatica,,-4449.9
heuristica,,-2671.2
